<?xml version='1.0' encoding='UTF-8'?>
<system creation-date="2023-09-27 09:08:46.573000" desc="" enable="False" id="39A72304-CA2D-4431-9CE1-EE5574A765AB" last-modified-date="" name="IRB140_6_81"><applications><application name="RobotWare" version="6.15.3019"><settings><system-xml path="D:\Escritorio\Proyectos U\Semestre 9\Robotica\Lab\Lab2\Lab2_robotstudio\Lab2_V1\Virtual Controllers\IRB140_6_81\system.xml" /><key-id path="D:\Escritorio\Proyectos U\Semestre 9\Robotica\Lab\Lab2\Lab2_robotstudio\Lab2_V1\Virtual Controllers\IRB140_6_81\INTERNAL\key.id" /><setting-file path="D:\Escritorio\Proyectos U\Semestre 9\Robotica\Lab\Lab2\Lab2_robotstudio\Lab2_V1\Virtual Controllers\IRB140_6_81\INTERNAL\controller.rsf" /></settings></application></applications></system>